id,mean,std
1,15.450917112464785,8.74765480133268
2,15.208048135464232,8.079998181418006
3,16.353282449965732,7.065628565254382
4,17.806223963089803,7.430486073962824
5,15.266824724124811,8.3753194135704
